{
    "Afrikaans": "af",
    "Amharic": "am",
    "Arabic": "ar",
    "Asturian": "ast",
    "Azerbaijani": "az",
    "Bashkir": "ba",
    "Belarusian": "be",
    "Bulgarian": "bg",
    "Bengali": "bn",
    "Breton": "br",
    "Bosnian": "bs",
    "Catalan": "ca",
    "Valencian": "ca",
    "Cebuano": "ceb",
    "Czech": "cs",
    "Welsh": "cy",
    "Danish": "da",
    "German": "de",
    "Greek": "el",
    "English": "en",
    "Spanish": "es",
    "Estonian": "et",
    "Persian": "fa",
    "Fulah": "ff",
    "Finnish": "fi",
    "French": "fr",
    "Western Frisian": "fy",
    "Irish": "ga",
    "Gaelic": "gd",
    "Scottish Gaelic": "gd",
    "Galician": "gl",
    "Gujarati": "gu",
    "Hausa": "ha",
    "Hebrew": "he",
    "Hindi": "hi",
    "Croatian": "hr",
    "Haitian": "ht",
    "Haitian Creole": "ht",
    "Hungarian": "hu",
    "Armenian": "hy",
    "Indonesian": "id",
    "Igbo": "ig",
    "Iloko": "ilo",
    "Icelandic": "is",
    "Italian": "it",
    "Japanese": "ja",
    "Javanese": "jv",
    "Georgian": "ka",
    "Kazakh": "kk",
    "Khmer": "km",
    "Central Khmer": "km",
    "Kannada": "kn",
    "Korean": "ko",
    "Luxembourgish": "lb",
    "Letzeburgesch": "lb",
    "Ganda": "lg",
    "Lingala": "ln",
    "Lao": "lo",
    "Lithuanian": "lt",
    "Latvian": "lv",
    "Malagasy": "mg",
    "Macedonian": "mk",
    "Malayalam": "ml",
    "Mongolian": "mn",
    "Marathi": "mr",
    "Malay": "ms",
    "Burmese": "my",
    "Nepali": "ne",
    "Dutch": "nl",
    "Flemish": "nl",
    "Norwegian": "no",
    "Northern Sotho": "ns",
    "Occitan": "oc",
    "Oriya": "or",
    "Panjabi": "pa",
    "Punjabi": "pa",
    "Polish": "pl",
    "Pushto": "ps",
    "Pashto": "ps",
    "Portuguese": "pt",
    "Romanian": "ro",
    "Moldavian": "ro",
    "Moldovan": "ro",
    "Russian": "ru",
    "Sindhi": "sd",
    "Sinhala": "si",
    "Sinhalese": "si",
    "Slovak": "sk",
    "Slovenian": "sl",
    "Somali": "so",
    "Albanian": "sq",
    "Serbian": "sr",
    "Swati": "ss",
    "Sundanese": "su",
    "Swedish": "sv",
    "Swahili": "sw",
    "Tamil": "ta",
    "Thai": "th",
    "Tagalog": "tl",
    "Tswana": "tn",
    "Turkish": "tr",
    "Ukrainian": "uk",
    "Urdu": "ur",
    "Uzbek": "uz",
    "Vietnamese": "vi",
    "Wolof": "wo",
    "Xhosa": "xh",
    "Yiddish": "yi",
    "Yoruba": "yo",
    "Chinese": "zh",
    "Zulu": "zu"
}